Threshold,Accuracy,Precision,PNEUMONIA Recall,NORMAL Recall,F1 Score,TN,FP,FN,TP
0.2,88.94,86.9,96.92,75.64,91.64,177,57,12,378
0.25,89.1,87.27,96.67,76.5,91.73,179,55,13,377
0.3,89.74,88.08,96.67,78.21,92.18,183,51,13,377
0.35,90.54,89.13,96.67,80.34,92.74,188,46,13,377
0.39999999999999997,91.03,89.76,96.67,81.62,93.09,191,43,13,377
0.44999999999999996,91.19,90.17,96.41,82.48,93.18,193,41,14,376
0.49999999999999994,91.19,90.17,96.41,82.48,93.18,193,41,14,376
0.5499999999999999,91.67,90.82,96.41,83.76,93.53,196,38,14,376
0.5999999999999999,91.51,91.0,95.9,84.19,93.38,197,37,16,374
0.6499999999999999,91.99,91.87,95.64,85.9,93.72,201,33,17,373
0.7,91.99,91.87,95.64,85.9,93.72,201,33,17,373
0.7499999999999998,91.99,92.29,95.13,86.75,93.69,203,31,19,371
0.7999999999999998,91.99,92.93,94.36,88.03,93.64,206,28,22,368
